isoform,model,n,ST_RAE,ST_AE,MAE,R2,Spearman,Kendall,sec
CYP1A2,ExtraTrees,77,0.982,0.3656,0.5819,-0.0038,0.1587,0.1039,0.6
CYP1A2,KNN,77,0.9911,0.369,0.5803,0.0102,0.1497,0.0977,0.0
CYP1A2,SVR_rbf,77,1.0044,0.3739,0.585,-0.014,0.1507,0.1053,0.0
CYP1A2,RandomForest,77,1.0053,0.3742,0.5832,-0.0055,0.1894,0.1183,0.7
CYP1A2,CatBoost,77,1.0166,0.3785,0.5907,0.0158,0.2533,0.1763,8.1
CYP1A2,Ridge,77,1.0606,0.3948,0.6133,-0.1369,0.1417,0.0984,0.0
CYP1A2,XGBoost,77,1.1295,0.4205,0.641,-0.0866,0.1971,0.1306,2.6
CYP1A2,ElasticNet,77,1.2063,0.449,0.6699,-0.2526,0.1179,0.0731,0.1
CYP1A2,LightGBM,77,1.2408,0.4619,0.6819,-0.0845,0.1637,0.1059,0.1
CYP1A2,HistGBR,77,1.437,0.5349,0.7471,-0.271,0.1754,0.121,1.7
CYP1A2,MLP,77,2.1689,0.8074,1.0362,-1.0494,-0.0083,-0.0021,0.6
CYP2C9,ExtraTrees,88,0.8548,0.274,0.557,0.156,0.3637,0.2508,0.6
CYP2C9,RandomForest,88,0.8687,0.2784,0.5708,0.172,0.3829,0.2482,0.8
CYP2C9,SVR_rbf,88,0.8745,0.2803,0.5653,0.1274,0.3271,0.2278,0.0
CYP2C9,LightGBM,88,0.8989,0.2881,0.5539,0.2506,0.4114,0.2926,0.1
CYP2C9,ElasticNet,88,0.9172,0.294,0.5896,0.1306,0.352,0.2429,0.1
CYP2C9,CatBoost,88,0.9482,0.3039,0.5961,0.1216,0.3224,0.2142,8.8
CYP2C9,XGBoost,88,0.9605,0.3078,0.5904,0.132,0.3452,0.2398,2.7
CYP2C9,KNN,88,0.9786,0.3136,0.6107,-0.0016,0.0037,0.0068,0.0
CYP2C9,HistGBR,88,0.9948,0.3188,0.5831,0.1225,0.3629,0.2633,2.5
CYP2C9,Ridge,88,1.8879,0.605,0.898,-13.2588,0.2622,0.1897,0.0
CYP2C9,MLP,88,41.6937,13.3616,13.6394,-21489.5002,0.0313,0.0157,0.5
CYP2D6,RandomForest,114,0.9477,0.4113,0.6472,0.069,0.2897,0.1995,0.8
CYP2D6,ExtraTrees,114,0.9988,0.4335,0.6678,0.0018,0.1836,0.1321,0.8
CYP2D6,CatBoost,114,1.0152,0.4406,0.6789,0.0459,0.2538,0.1716,10.3
CYP2D6,KNN,114,1.0214,0.4433,0.6813,-0.0335,-0.0219,-0.0113,0.0
CYP2D6,XGBoost,114,1.0527,0.4568,0.6888,0.0464,0.3409,0.2337,3.4
CYP2D6,SVR_rbf,114,1.1152,0.484,0.7216,-0.0943,-0.0545,-0.0365,0.0
CYP2D6,LightGBM,114,1.1229,0.4873,0.7241,0.0155,0.2513,0.1734,0.1
CYP2D6,HistGBR,114,1.2231,0.5308,0.7608,-0.0787,0.269,0.1834,3.7
CYP2D6,ElasticNet,114,1.3227,0.574,0.8128,-0.2636,-0.0557,-0.0387,0.1
CYP2D6,Ridge,114,1.3398,0.5815,0.8181,-0.2954,-0.0814,-0.0501,0.0
CYP2D6,MLP,114,1.6629,0.7217,0.9688,-0.5882,0.0439,0.0321,0.5
CYP3A4,CatBoost,153,0.7901,0.4173,0.7181,0.246,0.5287,0.3715,12.8
CYP3A4,XGBoost,153,0.8083,0.4269,0.719,0.2451,0.4979,0.3523,4.8
CYP3A4,RandomForest,153,0.8299,0.4383,0.7479,0.1882,0.4967,0.3473,1.0
CYP3A4,LightGBM,153,0.8401,0.4437,0.7369,0.2108,0.4905,0.3428,0.2
CYP3A4,ExtraTrees,153,0.8402,0.4437,0.7634,0.1594,0.4737,0.324,0.9
CYP3A4,KNN,153,0.8837,0.4667,0.7953,0.084,0.3325,0.2317,0.0
CYP3A4,HistGBR,153,0.8925,0.4713,0.7748,0.1662,0.4582,0.3206,6.0
CYP3A4,SVR_rbf,153,0.9338,0.4932,0.8139,0.0765,0.3029,0.2095,0.0
CYP3A4,ElasticNet,153,1.1013,0.5816,0.9,-0.1353,0.2407,0.1643,0.1
CYP3A4,Ridge,153,1.2918,0.6822,0.9846,-3.0435,0.2783,0.1932,0.0
CYP3A4,MLP,153,10.3897,5.4872,5.7975,-3238.1973,0.2581,0.1742,0.7
